prompt,A,B,judge
Give me a list of Premier League winners in the last 5 years with corresponding points.,"Manchester City - 198 points
Liverpool - 197 points
Manchester City - 93 points
Manchester City - 86 points
Manchester City - 93 points","Here is a list of the Premier League winners for the last 5 years, along with their corresponding points:

1. 2022-2023: Manchester City - 89 points
2. 2021-2022: Manchester City - 93 points
3. 2020-2021: Manchester City - 86 points
4. 2019-2020: Liverpool - 99 points
5. 2018-2019: Manchester City - 98 points

Note: The points are based on the total points earned by each team during the season, not just the number of wins.",T
Why do people like Blue Light Therapy?,"Blue light therapy is a form of light therapy that uses a specific wavelength of light to stimulate the body's natural processes. It is commonly used to treat Seasonal Affective Disorder (SAD), which is a type of depression that occurs during the winter months when there is less sunlight. Blue light therapy can also be used to treat other conditions such as sleep disorders, and can even help to improve mood and reduce stress.","Blue light therapy, also known as phototherapy, has gained popularity in recent years due to its numerous benefits for both physical and mental well-being. Here are some reasons why people like blue light therapy:

1. **Mood Boost**: Exposure to blue light, particularly in the morning, can help regulate the body's circadian rhythms, leading to improved mood, reduced stress, and enhanced energy levels.

2. **Pain Relief**: Blue light therapy has been shown to reduce pain in individuals with conditions such as fibromyalgia, arthritis, and chronic pain. This is because light therapy can increase the production of endorphins, the body's natural painkillers.

3. **Improved Sleep**: Blue light therapy can help regulate sleep patterns, especially in people who struggle with insomnia or have irregular sleep schedules. Exposure to blue light in the morning helps to reset the body's internal clock, leading to better sleep quality.

4. **Reduced Inflammation**: Blue light has anti-inflammatory properties, which can help reduce inflammation and improve symptoms in conditions such as psoriasis, acne, and rosacea.

5. **Increased Energy**: Blue light therapy can increase energy levels and reduce fatigue, making it a popular choice for people who feel tired or sluggish.

6. **Improved",T
Sensory integration therapy is driven by four main principles:,"1. The brain is capable of change and growth throughout life.
2. The brain is organized into sensory systems that work together to help us understand the world around us.
3. The sensory systems are interconnected and interdependent.
4. The sensory systems are capable of change and growth through experience.","Sensory integration therapy, also known as occupational therapy, is a treatment approach that aims to improve an individual's ability to process and integrate sensory information from their environment. The four main principles that drive this therapy are:

1. **Sensory Integration Theory**: This principle is based on the work of occupational therapist and neuroscientist, Jean Ayres, who proposed that the brain integrates sensory information from multiple sources to create a unified perception of the body and its environment. The goal of sensory integration therapy is to help individuals develop this integration and improve their ability to process and respond to sensory information.

2. **Sensory Experience**: This principle emphasizes the importance of providing individuals with a variety of sensory experiences to stimulate their senses and challenge their ability to integrate sensory information. This can include activities such as swinging, spinning, brushing, and tactile exploration, among others.

3. **Sensory Seeking**: This principle recognizes that individuals have unique preferences for certain sensory experiences, and that these preferences can be used to guide the development of a sensory integration program. For example, some individuals may seek out intense sensory experiences, while others may prefer more subtle experiences.

4. **Sensory Regulation**: This principle focuses on helping individuals develop the ability to regulate their sensory responses to internal",T
List 5 steps to fix a leaky roof.,"1. Identify the source of the leak: The first step to fix a leaky roof is to identify the source of the leak. This can be done by inspecting the roof for any signs of water damage, such as water stains or mineral deposits, and checking for any damaged or missing shingles, flashing, or other roofing materials.

2. Clean and prepare the area: Once the source of the leak has been identified, the next step is to clean and prepare the area around the leak. This includes removing any debris, dirt, or old roofing material that may be in the way.

3. Replace damaged roofing material: If the leak is caused by damaged or missing roofing material, the next step is to replace it. This may involve installing new shingles, flashing, or other roofing materials to ensure that the roof is properly sealed and watertight.

4. Apply a sealant: If the leak is caused by a small crack or gap in the roofing material, the next step is to apply a sealant to fill the gap. This can be done using a variety of sealants, such as caulk or roofing cement, and can help to prevent further leaks.

5. Check and repair any underlying issues: Finally, it's important to check and repair any","Here are five steps to help you fix a leaky roof:

1. **Identify the source of the leak:** Before you start fixing the leak, it's essential to locate the source of the problem. Check your roof for any signs of water damage, such as water stains, mineral deposits, or sagging areas. If you can't find the source, consider hiring a professional roofer to inspect your roof and identify the problem.

2. **Gather materials:** Depending on the size and location of the leak, you may need to gather various materials, such as:
 * Roofing cement or sealant
 * Roofing nails or screws
 * Flashing (if the leak is near a chimney, vent, or skylight)
 * Roofing felt or underlayment
 * Shingles or tiles (if you need to replace damaged ones)

3. **Clear the area:** Before starting the repair, make sure to clear the area around the leak of any debris, such as leaves, branches, or other obstructions. This will give you a clear working space and prevent any further damage.

4. **Fix the leak:** Once you've identified the source of the leak and gathered the necessary materials, you can start fixing the",T
What is the best time of the year to visit Paris?,"The best time to visit Paris is in the spring (April to June) and autumn (September to November). The weather is pleasant, and the city is less crowded than during the peak summer months. The summer months can be quite hot, and the winter months can be quite cold.","Paris is a year-round destination, but the best time to visit Paris largely depends on your personal preferences and what you want to do during your trip. Here are some factors to consider:

1. **Weather:** Paris has a temperate climate with four distinct seasons. The best time to visit Paris in terms of weather is during the spring (April to June) and autumn (September to November). These periods offer mild temperatures, with average highs ranging from 18°C (64°F) to 25°C (77°F), and fewer rainy days.

2. **Tourist season:** The peak tourist season in Paris is during the summer months (June to August), when the weather is warm and sunny. However, this is also the busiest time of the year, with long lines and crowded attractions. If you prefer smaller crowds, consider visiting during the shoulder season (April to May or September to October).

3. **Events and festivals:** Paris hosts many events and festivals throughout the year, which can be a great reason to visit. Some popular events include:
 * **Bastille Day** (July 14th): A national holiday that celebrates the French Revolution.
 * **Paris Fashion Week** (February and September): A major fashion event that attracts fashion enthusiasts and",T
"Rate the difficulty of the following math problem from 1 to 5, 5 being the most difficult.","I'm sorry, but as an AI, I don't have the ability to see the math problem you are referring to. Could you please provide the problem so I can assess its difficulty?","I'd need more information about the specific math problem you're referring to. Could you please provide the problem so I can assess its difficulty level? I'll rate it from 1 to 5, with 1 being the least difficult and 5 being the most challenging.

Once you provide the problem, I'll give you a rating based on the following criteria:

- Level of mathematical concepts involved
- Complexity of the problem
- Number of steps required to solve it
- Familiarity of the concepts with the general population

Please go ahead and share the problem, and I'll provide you with a difficulty rating.",T
"A 2019 review found sensory integration therapy to be effective for autism spectrum disorder.Another study from 2018 backs up the intervention for children with special needs,Additionally, the American Occupational Therapy Association supports the intervention.",Sensory integration therapy is a treatment that has been found to be effective for individuals with autism spectrum disorder.,"It appears that sensory integration therapy has been found to be effective in helping individuals with autism spectrum disorder (ASD) and children with special needs. This is supported by a 2019 review that concluded the therapy has a positive impact on individuals with ASD. Furthermore, a 2018 study also found that sensory integration therapy is beneficial for children with special needs.

The American Occupational Therapy Association (AOTA) also endorses sensory integration therapy as an intervention that can be beneficial for individuals with special needs. Occupational therapy, in general, focuses on helping individuals develop the skills needed for daily living and participation in activities, and sensory integration therapy is a specific approach that aims to help individuals integrate and process sensory information from their environment.

It's important to note that while these studies and endorsements suggest that sensory integration therapy can be beneficial, more research is always needed to fully understand its effectiveness and to identify the best approaches for different individuals. It's also important to work with a qualified occupational therapist to determine if sensory integration therapy is the right intervention for a specific individual's needs.",T
Describe the differences between a shallow neural network and a deep neural network.,"A shallow neural network is a type of neural network that has only one or two layers of interconnected nodes, also known as neurons. These networks are relatively simple and are often used for simple tasks such as image classification or regression.

On the other hand, a deep neural network is a type of neural network that has multiple layers of interconnected nodes. These networks are more complex and are often used for more complex tasks such as image recognition, speech recognition, and natural language processing. Deep neural networks are capable of learning and identifying complex patterns in data, and are often used in applications such as self-driving cars, medical diagnosis, and personalized recommendations.

The main difference between shallow and deep neural networks is the number of layers and the number of neurons in each layer. Deep neural networks have more layers and more neurons in each layer, which allows them to learn and identify more complex patterns in data. Shallow neural networks, on the other hand, are simpler and are often used for simpler tasks.

In addition, deep neural networks are often trained using more advanced techniques such as backpropagation and stochastic gradient descent, which allow them to learn from large datasets and improve their performance over time. Shallow neural networks, on the other hand, are often trained using simpler techniques such as batch gradient descent.","A neural network is a computational model inspired by the structure and function of the human brain. It consists of layers of interconnected nodes or neurons, each of which performs a simple computation. The main difference between a shallow neural network and a deep neural network lies in the number of layers they have.

**Shallow Neural Network:**
A shallow neural network, also known as a small neural network, typically consists of only one or two hidden layers. These networks are relatively simple and are often used for solving problems that require a small number of features to be learned. They are also known as ""shallow"" because they have fewer layers, which means that the information flows through fewer layers of neurons.

In a shallow neural network, the input layer receives the input data, and the output layer produces the output. The hidden layer(s) perform the necessary computations to transform the input into the desired output. Shallow networks are often used for simple tasks such as image classification, text classification, and regression problems.

**Deep Neural Network:**
A deep neural network, on the other hand, consists of multiple hidden layers, typically three or more. These networks are more complex and are designed to learn and represent more abstract and complex patterns in the data. They are also known as ""deep"" because",T
Which one is best for youtube creator gorpro or DJI Osmo pocket 2,Gorpro is best for youtube creator,"Both the GoPro and DJI Osmo Pocket 2 are excellent options for YouTube creators, but the best choice for you depends on your specific needs, preferences, and the type of content you plan to create. Here's a brief comparison to help you decide:

1. **Image Quality:** Both cameras produce high-quality images, but the GoPro Hero8 Black is generally considered to have a slight edge in terms of resolution and color accuracy. The Hero8 Black can shoot up to 4K at 60fps, while the Osmo Pocket 2 can shoot up to 4K at 30fps.

2. **Stabilization:** The Osmo Pocket 2 has a 3-axis gimbal, which provides incredibly smooth and stable footage, making it ideal for handheld shots, walking shots, and other types of movement. The GoPro Hero8 Black has a built-in stabilization system, but it's not as advanced as the Osmo Pocket 2's gimbal.

3. **Portability:** The Osmo Pocket 2 is significantly smaller and lighter than the GoPro Hero8 Black, making it easier to carry around and use in tight spaces.

4. **Additional Features:** The GoPro Hero8 Black has a wider",T
What is rain good for?,"Rain is good for plants, animals, and people. Rain helps plants grow by providing them with water. Rain helps animals by providing them with water. Rain helps people by providing them with water. Rain helps people by washing away dirt and dust. Rain helps people by washing away pollutants. Rain helps people by washing away pollutants. Rain helps people by washing away pollutants. Rain helps people by washing away pollutants. Rain helps people by washing away pollutants. Rain helps people by washing away pollutants. Rain helps people by washing away pollutants. Rain helps people by washing away pollutants. Rain helps people by washing away pollutants. Rain helps people by washing away pollutants. Rain helps people by washing away pollutants. Rain helps people by washing away pollutants. Rain helps people by washing away pollutants. Rain helps people by washing away pollutants. Rain helps people by washing away pollutants. Rain helps people by washing away pollutants. Rain helps people by washing away pollutants. Rain helps people by washing away pollutants. Rain helps people by washing away pollutants. Rain helps people by washing away pollutants. Rain helps people by washing away pollutants. Rain helps people by washing away pollutants. Rain helps people by","Rain is essential for the Earth's ecosystem and has numerous benefits for the environment, human health, and the economy. Here are some of the key advantages of rain:

1. **Water Supply:** Rain is the primary source of freshwater for human consumption, agriculture, and industry. It replenishes rivers, lakes, and underground aquifers, ensuring a steady supply of water for drinking, irrigation, and other uses.

2. **Agriculture:** Rain is crucial for agriculture, as it provides the necessary moisture for crops to grow. It helps to replenish soil moisture, reducing the need for irrigation and improving crop yields.

3. **Ecosystem Balance:** Rain helps to maintain the balance of ecosystems by replenishing water sources, regulating temperatures, and influencing the distribution of plants and animals. It also helps to control soil erosion, landslides, and flooding.

4. **Air Quality:** Rain helps to clean the air by washing away pollutants, dust, and other airborne particles. This improves air quality, reducing respiratory problems and other health issues.

5. **Recreation:** Rain can be beneficial for recreation, as it creates opportunities for activities like swimming, fishing, and boating. It also helps to maintain the beauty of natural landscapes, such as waterfalls, rivers, and",T
