pair_index,direction,prompt,A,B,judge,winner_model
229,A>B,"The Sydney Opera House is a multi-venue performing arts centre in Sydney. Located on the foreshore of Sydney Harbour, it is widely regarded as one of the world's most famous and distinctive buildings and a masterpiece of 20th-century architecture.","The Sydney Opera House is a multi-venue performing arts centre in Sydney. Located on the foreshore of Sydney Harbour, it is widely regarded as one of the world's most famous and distinctive buildings and a masterpiece of 20th-century architecture.","The Sydney Opera House is a renowned performing arts center located on the picturesque Sydney Harbour in Australia. It is widely regarded as one of the most iconic and recognizable buildings globally, and is considered a masterpiece of 20th-century architecture. This magnificent structure serves as a multi-venue center, hosting a variety of performances, including concerts, ballets, operas, and theater productions.

The Sydney Opera House was designed by Danish architect Jørn Utzon, who won an international design competition in 1957. The building's unique design features a series of interlocking white concrete shells, which evoke the shape of sailboats. The complex consists of several venues, including the Concert Hall, the Drama Theatre, the Playhouse, and the Studio Theatre, as well as a number of exhibition spaces and restaurants.

The Sydney Opera House has hosted numerous world-class performances, including concerts by renowned musicians, ballets by the Australian Ballet, and operas by the Opera Australia. It has also been the venue for numerous international events, including the Sydney International Piano Competition and the Sydney Theatre Company's productions.

In addition to its artistic and cultural significance, the Sydney Opera House is also an important tourist destination, attracting millions of visitors each year. It has been recognized as a UNESCO World Heritage Site since",B,model_b
712,A>B,Heads,Tails,"Tails. (In a coin toss, the other outcome is tails.) 

Would you like to simulate another coin toss? 

Type 'heads' to flip the coin again, or 'tails' to simulate a different outcome.",B,model_b
911,A>B,Convert the following angle to degrees.,"I'm sorry, but you haven't provided an angle to convert. Please provide the angle you'd like to convert, and I'll be happy to help you with that.","To convert an angle from radians to degrees, you can use the following formula:

Degrees = radians × (180 / π)

So, if you have an angle in radians, you can plug it into this formula to get the equivalent angle in degrees.

For example, if you have an angle of 3.14 radians, the conversion would be:

Degrees = 3.14 × (180 / π)
= 3.14 × 57.2957795
= 180 degrees

So, an angle of 3.14 radians is equivalent to 180 degrees.

If you have a specific angle in radians that you'd like to convert, please provide it to me and I'll be happy to help you with the conversion.",B,model_b
195,A>B,"Categorize the following terms - Duct Tape, Belt, Shoelaces","Duct Tape: Adhesive
- Belt: Clothing
- Shoelaces: Footwear","Based on their common usage, the three terms can be categorized as follows:

1. **Clothing and Accessories**
 - Belt: A wide strip of fabric or leather worn around the waist to hold up pants or skirts.
 - Shoelaces: Strings used to secure shoes to the feet.

2. **Adhesives and Fasteners**
 - Duct Tape: A type of strong, adhesive tape used for repairs, holding, and sealing various materials, including fabric, metal, and plastic.

In summary, the terms can be categorized into two main groups: Clothing and Accessories, and Adhesives and Fasteners.",B,model_b
780,A>B,"In a linear economy, natural resources are turned into products that are ultimately destined to become waste because of the way they have been designed and manufactured. This process is often summarized by ""take, make, waste"". By contrast, a circular economy employs reuse, sharing, repair, refurbishment, remanufacturing and recycling to create a closed-loop system, reducing the use of resource inputs and the creation of waste, pollution and carbon emissions. The circular economy aims to keep products, materials, equipment and infrastructure in use for longer, thus improving the productivity of these resources. Waste materials and energy should become input for other processes through waste valorization: either as a component for another industrial process or as regenerative resources for nature (e.g., compost). The Ellen MacArthur Foundation (EMF) defines the circular economy as an industrial economy that is restorative or regenerative by value and design.",The circular economy is an industrial economy that is restorative or regenerative by value and design.,"The circular economy is an alternative to the traditional linear economy, where resources are used, consumed, and discarded. It focuses on reducing waste, pollution, and carbon emissions by promoting reuse, sharing, repair, refurbishment, remanufacturing, and recycling. This approach aims to create a closed-loop system where products, materials, equipment, and infrastructure are used for longer, improving their productivity.

In contrast, the linear economy is characterized by the ""take, make, waste"" process, where resources are extracted, processed, and turned into products that are eventually discarded as waste. This process results in a significant amount of waste, pollution, and carbon emissions.

The circular economy encourages businesses and individuals to adopt sustainable practices, such as:

1. Reuse: Using products for longer, reducing the need for new raw materials.
2. Sharing: Sharing products, services, or resources to reduce consumption.
3. Repair: Fixing products to extend their lifespan.
4. Refurbishment: Restoring products to their original condition or upgrading them to improve their functionality.
5. Remanufacturing: Transforming old products into new ones, reducing the need for raw materials.
6. Recycling: Converting waste materials into new products or energy.

The Ellen MacArthur Foundation defines the",B,model_b
290,A>B,Compose a tweet to advertise a new product launch.,"""Exciting news! Our brand new product is now available for purchase! Don't miss out on this amazing opportunity to upgrade your daily routine. #NewProduct #Launch #GetReady""","""Exciting news! Introducing our brand new product, designed to revolutionize your daily routine! Say hello to [Product Name]! 

This innovative solution is packed with cutting-edge technology and features that will make your life easier, more efficient, and enjoyable. 

Don't miss out on the opportunity to be one of the first to experience the future of [industry/field]. 

Pre-orders are now open! Reserve your [Product Name] today and get ready to take your [industry/field] to the next level! #NewProductLaunch #Innovation #GameChanger #GetReady""",B,model_b
352,A>B,Adaptive response (the child adapts their behavior with new and useful strategies in response to the challenges presented),"Adaptive response is a behavior in children where they develop new and useful strategies to cope with challenges they face. This is an important aspect of child development, as it allows children to learn and grow from their experiences, and to develop the skills and resilience they need to navigate the world. Adaptive response is an important part of a child's ability to adapt to new situations and to learn from their mistakes, and it is an essential part of their development into a capable and confident individual.","Adaptive response refers to the ability of an individual, in this case, a child, to adjust their behavior in response to new or challenging situations. This means that the child is able to learn and develop new strategies to cope with the demands of their environment, and to use these strategies to achieve their goals.

In adaptive response, the child is able to:

1. **Learn from experience**: The child is able to reflect on their experiences and identify what worked and what didn't. This helps them to develop new strategies and improve their problem-solving skills.

2. **Adjust their behavior**: The child is able to modify their behavior in response to changing circumstances. This might involve trying new approaches, or refining existing ones, to achieve their goals.

3. **Develop resilience**: Adaptive response helps the child to develop resilience, which is the ability to bounce back from setbacks and challenges. This is essential for their emotional and psychological well-being.

4. **Improve their problem-solving skills**: Adaptive response involves developing problem-solving skills, which are essential for overcoming obstacles and achieving success.

5. **Enhance their self-awareness**: Through adaptive response, the child develops a better understanding of themselves, their strengths, and their weaknesses. This helps them to make informed decisions and to set realistic",B,model_b
60,A>B,"Evaluate the following statement: ""Organic food is healthier than non-organic food""","The statement ""Organic food is healthier than non-organic food"" is a common claim made by many people, but it is not entirely supported by scientific evidence. While some studies have found that organic produce may have higher levels of certain nutrients and lower levels of pesticides, others have found no significant differences between organic and non-organic foods.

The scientific consensus is that organic and non-organic foods are nutritionally equivalent, and that the health benefits of organic food are largely based on the avoidance of pesticides and other chemicals used in conventional farming. However, it is important to note that not all organic produce is free of pesticides, and that some conventional produce may be grown using organic methods.

Ultimately, the decision to choose organic or non-organic food is a personal one, and depends on individual preferences and priorities. While some people may choose organic food for its perceived health benefits, others may choose it for environmental or animal welfare reasons.","The statement ""Organic food is healthier than non-organic food"" is a common claim made by many proponents of organic produce and products. However, the scientific evidence supporting this claim is mixed and depends on various factors.

**Key differences between organic and non-organic food:**

1. **Pesticide and herbicide use:** Organic farming practices avoid the use of synthetic pesticides and herbicides, which are commonly used in conventional farming. These chemicals can have negative impacts on human health, including increased risk of cancer, neurological damage, and reproductive issues.

2. **Fertilizer use:** Organic farming relies on natural fertilizers, such as compost, manure, and green manure, whereas conventional farming often uses synthetic fertilizers. While synthetic fertilizers can increase crop yields, they can also lead to soil degradation, water pollution, and environmental harm.

3. **Antibiotic use:** Organic livestock are not treated with antibiotics, which can contribute to antibiotic resistance in humans.

4. **Animal welfare:** Organic farming often prioritizes animal welfare, providing better living conditions and more humane treatment for animals.

**Health benefits:**

1. **Lower pesticide exposure:** Organic produce tends to have lower levels of pesticide residues, which can reduce the risk of pesticide-related health problems.",B,model_b
161,A>B,She sang a beautiful song.,That sounds lovely! What was the song about?,"That's lovely! It sounds like you're describing a moment where someone's voice was filled with emotion and beauty, creating a powerful and moving experience for those who listened. The song was likely a heartfelt expression of her feelings, and her voice carried the emotions with conviction and sincerity. Did you enjoy the performance, or was there something special about the song that stood out to you?",B,model_b
388,A>B,"Lasers are used in optical disc drives, laser printers, barcode scanners, DNA sequencing instruments, fiber-optic, and free-space optical communication, semiconducting chip manufacturing (photolithography), laser surgery and skin treatments, cutting and welding materials, military and law enforcement devices for marking targets and measuring range and speed, and in laser lighting displays for entertainment. Semiconductor lasers in the blue to near-UV have also been used in place of light-emitting diodes (LEDs) to excite fluorescence as a white light source. This permits a much smaller emitting area due to the much greater radiance of a laser and avoids the droop suffered by LEDs; such devices are already used in some car headlamps.","Lasers are used in a variety of applications, including optical disc drives, laser printers, barcode scanners, DNA sequencing instruments, fiber-optic communication, semiconducting chip manufacturing, laser surgery, cutting and welding materials, military and law enforcement devices, and laser lighting displays.","Lasers are versatile devices with a wide range of applications across various industries. Some of the notable uses of lasers include:

1. **Optical Disc Drives**: Lasers are used in CD, DVD, and Blu-ray players to read and write data onto optical discs.

2. **Laser Printers**: These devices use lasers to create high-quality images and text on paper.

3. **Barcode Scanners**: Lasers are used in barcode scanners to quickly and accurately read barcodes on products.

4. **DNA Sequencing**: Lasers are used in DNA sequencing instruments to analyze and identify the order of nucleotides in DNA molecules.

5. **Fiber-Optic Communication**: Lasers are used in fiber-optic communication systems to transmit data as light signals through fiber-optic cables.

6. **Free-Space Optical Communication**: Lasers are used in free-space optical communication systems to transmit data through the air, often used in satellite communications.

7. **Semiconductor Chip Manufacturing**: Lasers are used in photolithography to create patterns on semiconductor wafers, which are essential for manufacturing integrated circuits.

8. **Laser Surgery and Skin Treatments**: Lasers are used in medical procedures for skin treatments, such as removing tattoos, hair removal",B,model_b
